year,gacc,acres,source_report
2003,AK,559783,annual_report_2003_508.pdf (lightning+human)
2003,EA,250469,annual_report_2003_508.pdf (lightning+human)
2003,EB,358822,annual_report_2003_508.pdf (lightning+human)
2003,NO,146800,annual_report_2003_508.pdf (lightning+human)
2003,NR,885350,annual_report_2003_508.pdf (lightning+human)
2003,NW,364687,annual_report_2003_508.pdf (lightning+human)
2003,RM,187309,annual_report_2003_508.pdf (lightning+human)
2003,SA,310428,annual_report_2003_508.pdf (lightning+human)
2003,SO,662185,annual_report_2003_508.pdf (lightning+human)
2003,SW,280075,annual_report_2003_508.pdf (lightning+human)
2003,WB,18375,annual_report_2003_508.pdf (lightning+human)
2004,AK,6524513,annual_report_2004_508.pdf (lightning+human)
2004,EA,113267,annual_report_2004_508.pdf (lightning+human)
2004,EB,91473,annual_report_2004_508.pdf (lightning+human)
2004,NO,154692,annual_report_2004_508.pdf (lightning+human)
2004,NR,41403,annual_report_2004_508.pdf (lightning+human)
2004,NW,126581,annual_report_2004_508.pdf (lightning+human)
2004,RM,54311,annual_report_2004_508.pdf (lightning+human)
2004,SA,491513,annual_report_2004_508.pdf (lightning+human)
2004,SO,96576,annual_report_2004_508.pdf (lightning+human)
2004,SW,306234,annual_report_2004_508.pdf (lightning+human)
2004,WB,40745,annual_report_2004_508.pdf (lightning+human)
2005,AK,4440756,annual_report_2005_508.pdf (lightning+human)
2005,EA,100612,annual_report_2005_508.pdf (lightning+human)
2005,EB,255520,annual_report_2005_508.pdf (lightning+human)
2005,NO,66271,annual_report_2005_508.pdf (lightning+human)
2005,NR,130997,annual_report_2005_508.pdf (lightning+human)
2005,NW,343968,annual_report_2005_508.pdf (lightning+human)
2005,RM,89551,annual_report_2005_508.pdf (lightning+human)
2005,SA,606500,annual_report_2005_508.pdf (lightning+human)
2005,SO,145056,annual_report_2005_508.pdf (lightning+human)
2005,SW,843999,annual_report_2005_508.pdf (lightning+human)
2005,WB,1032912,annual_report_2005_508.pdf (lightning+human)
2006,AK,266320,Annual_Report_2006.pdf (lightning+human)
2006,EA,150447,Annual_Report_2006.pdf (lightning+human)
2006,EB,1246711,Annual_Report_2006.pdf (lightning+human)
2006,NO,322601,Annual_Report_2006.pdf (lightning+human)
2006,NR,1168446,Annual_Report_2006.pdf (lightning+human)
2006,NW,958252,Annual_Report_2006.pdf (lightning+human)
2006,RM,661261,Annual_Report_2006.pdf (lightning+human)
2006,SA,633815,Annual_Report_2006.pdf (lightning+human)
2006,SO,367505,Annual_Report_2006.pdf (lightning+human)
2006,SW,764738,Annual_Report_2006.pdf (lightning+human)
2006,WB,1349814,Annual_Report_2006.pdf (lightning+human)
2007,AK,525017,annual_report_2007_508.pdf (multiyear-text-total)
2007,EA,250052,annual_report_2007_508.pdf (multiyear-text-total)
2007,EB,2411428,annual_report_2007_508.pdf (multiyear-text-total)
2007,NO,208548,annual_report_2007_508.pdf (multiyear-text-total)
2007,NR,1084569,annual_report_2007_508.pdf (multiyear-text-total)
2007,NW,863214,annual_report_2007_508.pdf (multiyear-text-total)
2007,RM,161944,annual_report_2007_508.pdf (multiyear-text-total)
2007,SA,1865655,annual_report_2007_508.pdf (multiyear-text-total)
2007,SO,899592,annual_report_2007_508.pdf (multiyear-text-total)
2007,SW,167855,annual_report_2007_508.pdf (multiyear-text-total)
2007,WB,890171,annual_report_2007_508.pdf (multiyear-text-total)
2010,AK,1126108,annual_report_2010_508.pdf (lightning+human)
2010,EA,145947,annual_report_2010_508.pdf (lightning+human)
2010,EB,713865,annual_report_2010_508.pdf (lightning+human)
2010,NO,38617,annual_report_2010_508.pdf (lightning+human)
2010,NR,72214,annual_report_2010_508.pdf (lightning+human)
2010,NW,152741,annual_report_2010_508.pdf (lightning+human)
2010,RM,154534,annual_report_2010_508.pdf (lightning+human)
2010,SA,661616,annual_report_2010_508.pdf (lightning+human)
2010,SO,87596,annual_report_2010_508.pdf (lightning+human)
2010,SW,317105,annual_report_2010_508.pdf (lightning+human)
2010,WB,24352,annual_report_2010_508.pdf (lightning+human)
2011,AK,293533,annual_report_2011_508.pdf (lightning+human)
2011,EA,222325,annual_report_2011_508.pdf (lightning+human)
2011,EB,464379,annual_report_2011_508.pdf (lightning+human)
2011,NO,27292,annual_report_2011_508.pdf (lightning+human)
2011,NR,200677,annual_report_2011_508.pdf (lightning+human)
2011,NW,305410,annual_report_2011_508.pdf (lightning+human)
2011,RM,520437,annual_report_2011_508.pdf (lightning+human)
2011,SA,3934929,annual_report_2011_508.pdf (lightning+human)
2011,SO,109720,annual_report_2011_508.pdf (lightning+human)
2011,SW,2281808,annual_report_2011_508.pdf (lightning+human)
2011,WB,424983,annual_report_2011_508.pdf (lightning+human)
2012,AK,287303,annual_report_2012_508.pdf (lightning+human)
2012,EA,157355,annual_report_2012_508.pdf (lightning+human)
2012,EB,1891291,annual_report_2012_508.pdf (lightning+human)
2012,NO,775022,annual_report_2012_508.pdf (lightning+human)
2012,NR,1501405,annual_report_2012_508.pdf (lightning+human)
2012,NW,1517901,annual_report_2012_508.pdf (lightning+human)
2012,RM,1249657,annual_report_2012_508.pdf (lightning+human)
2012,SA,749588,annual_report_2012_508.pdf (lightning+human)
2012,SO,104326,annual_report_2012_508.pdf (lightning+human)
2012,SW,546094,annual_report_2012_508.pdf (lightning+human)
2012,WB,614070,annual_report_2012_508.pdf (lightning+human)
2013,AK,1316876,annual_report_2023.pdf
2013,EA,64992,annual_report_2023.pdf
2013,GB,930795,annual_report_2023.pdf
2013,NO,165194,annual_report_2023.pdf
2013,NR,179459,annual_report_2023.pdf
2013,NW,503993,annual_report_2023.pdf
2013,RM,237121,annual_report_2023.pdf
2013,SA,182650,annual_report_2023.pdf
2013,SO,412481,annual_report_2023.pdf
2013,SW,325985,annual_report_2023.pdf
2014,AK,233561,annual_report_2024.pdf
2014,EA,54141,annual_report_2024.pdf
2014,GB,164802,annual_report_2024.pdf
2014,NO,474826,annual_report_2024.pdf
2014,NR,143271,annual_report_2024.pdf
2014,NW,1383514,annual_report_2024.pdf
2014,RM,78345,annual_report_2024.pdf
2014,SA,752694,annual_report_2024.pdf
2014,SO,80218,annual_report_2024.pdf
2014,SW,230241,annual_report_2024.pdf
2015,AK,5111404,annual_report_2025.pdf
2015,EA,100294,annual_report_2025.pdf
2015,GB,505483,annual_report_2025.pdf
2015,NO,594048,annual_report_2025.pdf
2015,NR,745947,annual_report_2025.pdf
2015,NW,1823473,annual_report_2025.pdf
2015,RM,180822,annual_report_2025.pdf
2015,SA,556267,annual_report_2025.pdf
2015,SO,304925,annual_report_2025.pdf
2015,SW,202486,annual_report_2025.pdf
2016,AK,496467,annual_report_2025.pdf
2016,EA,98042,annual_report_2025.pdf
2016,GB,761622,annual_report_2025.pdf
2016,NO,96706,annual_report_2025.pdf
2016,NR,202140,annual_report_2025.pdf
2016,NW,513226,annual_report_2025.pdf
2016,RM,686921,annual_report_2025.pdf
2016,SA,1591044,annual_report_2025.pdf
2016,SO,479207,annual_report_2025.pdf
2016,SW,584620,annual_report_2025.pdf
2017,AK,653023,annual_report_2025.pdf
2017,EA,41705,annual_report_2025.pdf
2017,GB,2103788,annual_report_2025.pdf
2017,NO,672448,annual_report_2025.pdf
2017,NR,1551275,annual_report_2025.pdf
2017,NW,1121442,annual_report_2025.pdf
2017,RM,754747,annual_report_2025.pdf
2017,SA,1960764,annual_report_2025.pdf
2017,SO,595873,annual_report_2025.pdf
2017,SW,571021,annual_report_2025.pdf
2018,AK,410683,annual_report_2025.pdf
2018,EA,50734,annual_report_2025.pdf
2018,GB,2087922,annual_report_2025.pdf
2018,NO,1496950,annual_report_2025.pdf
2018,NR,147093,annual_report_2025.pdf
2018,NW,1336096,annual_report_2025.pdf
2018,RM,748956,annual_report_2025.pdf
2018,SA,1591101,annual_report_2025.pdf
2018,SO,348722,annual_report_2025.pdf
2018,SW,549235,annual_report_2025.pdf
2019,AK,2498159,annual_report_2025.pdf
2019,EA,38852,annual_report_2025.pdf
2019,GB,459384,annual_report_2025.pdf
2019,NO,214742,annual_report_2025.pdf
2019,NR,74042,annual_report_2025.pdf
2019,NW,249476,annual_report_2025.pdf
2019,RM,114685,annual_report_2025.pdf
2019,SA,498925,annual_report_2025.pdf
2019,SO,55092,annual_report_2025.pdf
2019,SW,461005,annual_report_2025.pdf
2020,AK,181169,annual_report_2025.pdf
2020,EA,63036,annual_report_2025.pdf
2020,GB,948812,annual_report_2025.pdf
2020,NO,2779003,annual_report_2025.pdf
2020,NR,403046,annual_report_2025.pdf
2020,NW,1983970,annual_report_2025.pdf
2020,RM,1021951,annual_report_2025.pdf
2020,SA,556902,annual_report_2025.pdf
2020,SO,1144214,annual_report_2025.pdf
2020,SW,1040233,annual_report_2025.pdf
2021,AK,253356,annual_report_2025.pdf
2021,EA,152669,annual_report_2025.pdf
2021,GB,373165,annual_report_2025.pdf
2021,NO,1945506,annual_report_2025.pdf
2021,NR,1069660,annual_report_2025.pdf
2021,NW,1503026,annual_report_2025.pdf
2021,RM,336187,annual_report_2025.pdf
2021,SA,532835,annual_report_2025.pdf
2021,SO,320378,annual_report_2025.pdf
2021,SW,638861,annual_report_2025.pdf
2022,AK,3110976,annual_report_2025.pdf
2022,EA,64342,annual_report_2025.pdf
2022,GB,436598,annual_report_2025.pdf
2022,NO,246990,annual_report_2025.pdf
2022,NR,223746,annual_report_2025.pdf
2022,NW,631605,annual_report_2025.pdf
2022,RM,273503,annual_report_2025.pdf
2022,SA,1518116,annual_report_2025.pdf
2022,SO,87350,annual_report_2025.pdf
2022,SW,983957,annual_report_2025.pdf
2023,AK,314277,annual_report_2025.pdf
2023,EA,113416,annual_report_2025.pdf
2023,GB,97656,annual_report_2025.pdf
2023,NO,189647,annual_report_2025.pdf
2023,NR,137654,annual_report_2025.pdf
2023,NW,353367,annual_report_2025.pdf
2023,RM,249363,annual_report_2025.pdf
2023,SA,682996,annual_report_2025.pdf
2023,SO,155134,annual_report_2025.pdf
2023,SW,400400,annual_report_2025.pdf
2024,AK,667076,annual_report_2025.pdf
2024,EA,206667,annual_report_2025.pdf
2024,GB,1188164,annual_report_2025.pdf
2024,NO,550089,annual_report_2025.pdf
2024,NR,596339,annual_report_2025.pdf
2024,NW,2074585,annual_report_2025.pdf
2024,RM,755511,annual_report_2025.pdf
2024,SA,1994830,annual_report_2025.pdf
2024,SO,531215,annual_report_2025.pdf
2024,SW,360408,annual_report_2025.pdf
2025,AK,1006158,annual_report_2025.pdf
2025,EA,241158,annual_report_2025.pdf
2025,GB,588638,annual_report_2025.pdf
2025,NO,89656,annual_report_2025.pdf
2025,NR,145378,annual_report_2025.pdf
2025,NW,571325,annual_report_2025.pdf
2025,RM,596146,annual_report_2025.pdf
2025,SA,967527,annual_report_2025.pdf
2025,SO,419637,annual_report_2025.pdf
2025,SW,505851,annual_report_2025.pdf
